"groups","groups_name"
1,"Group : 1"
1,"Group : 1"
1,"Group : 1"
1,"Group : 1"
2,"Group : 2"
2,"Group : 2"
2,"Group : 2"
2,"Group : 2"
2,"Group : 2"
3,"Group : 3"
3,"Group : 3"
3,"Group : 3"
3,"Group : 3"
3,"Group : 3"
3,"Group : 3"
4,"Group : 4"
4,"Group : 4"
4,"Group : 4"
4,"Group : 4"
4,"Group : 4"
5,"Group : 5"
5,"Group : 5"
5,"Group : 5"
5,"Group : 5"
5,"Group : 5"
6,"Group : 6"
6,"Group : 6"
6,"Group : 6"
6,"Group : 6"
6,"Group : 6"
7,"Group : 7"
7,"Group : 7"
7,"Group : 7"
7,"Group : 7"
7,"Group : 7"
8,"Group : 8"
8,"Group : 8"
8,"Group : 8"
8,"Group : 8"
8,"Group : 8"
9,"Group : 9"
9,"Group : 9"
9,"Group : 9"
9,"Group : 9"
9,"Group : 9"
10,"Group : 10"
10,"Group : 10"
10,"Group : 10"
10,"Group : 10"
10,"Group : 10"
11,"Group : 11"
11,"Group : 11"
11,"Group : 11"
11,"Group : 11"
11,"Group : 11"
12,"Group : 12"
12,"Group : 12"
12,"Group : 12"
12,"Group : 12"
12,"Group : 12"
13,"Group : 13"
13,"Group : 13"
13,"Group : 13"
13,"Group : 13"
13,"Group : 13"
14,"Group : 14"
14,"Group : 14"
14,"Group : 14"
14,"Group : 14"
14,"Group : 14"
15,"Group : 15"
15,"Group : 15"
15,"Group : 15"
15,"Group : 15"
15,"Group : 15"
16,"Group : 16"
16,"Group : 16"
16,"Group : 16"
16,"Group : 16"
16,"Group : 16"
17,"Group : 17"
17,"Group : 17"
17,"Group : 17"
17,"Group : 17"
17,"Group : 17"
18,"Group : 18"
18,"Group : 18"
18,"Group : 18"
18,"Group : 18"
18,"Group : 18"
19,"Group : 19"
19,"Group : 19"
19,"Group : 19"
19,"Group : 19"
19,"Group : 19"
20,"Group : 20"
20,"Group : 20"
20,"Group : 20"
20,"Group : 20"
20,"Group : 20"
21,"Group : 21"
21,"Group : 21"
21,"Group : 21"
21,"Group : 21"
21,"Group : 21"
22,"Group : 22"
22,"Group : 22"
22,"Group : 22"
22,"Group : 22"
22,"Group : 22"
23,"Group : 23"
23,"Group : 23"
23,"Group : 23"
23,"Group : 23"
23,"Group : 23"
24,"Group : 24"
24,"Group : 24"
24,"Group : 24"
24,"Group : 24"
24,"Group : 24"
25,"Group : 25"
25,"Group : 25"
25,"Group : 25"
25,"Group : 25"
25,"Group : 25"
26,"Group : 26"
26,"Group : 26"
26,"Group : 26"
26,"Group : 26"
26,"Group : 26"
27,"Group : 27"
27,"Group : 27"
27,"Group : 27"
27,"Group : 27"
27,"Group : 27"
28,"Group : 28"
28,"Group : 28"
28,"Group : 28"
28,"Group : 28"
28,"Group : 28"
29,"Group : 29"
29,"Group : 29"
29,"Group : 29"
29,"Group : 29"
29,"Group : 29"
30,"Group : 30"
30,"Group : 30"
30,"Group : 30"
30,"Group : 30"
30,"Group : 30"
31,"Group : 31"
31,"Group : 31"
31,"Group : 31"
31,"Group : 31"
31,"Group : 31"
32,"Group : 32"
32,"Group : 32"
32,"Group : 32"
32,"Group : 32"
32,"Group : 32"
33,"Group : 33"
33,"Group : 33"
33,"Group : 33"
33,"Group : 33"
33,"Group : 33"
34,"Group : 34"
34,"Group : 34"
34,"Group : 34"
34,"Group : 34"
34,"Group : 34"
35,"Group : 35"
35,"Group : 35"
35,"Group : 35"
35,"Group : 35"
35,"Group : 35"
36,"Group : 36"
36,"Group : 36"
36,"Group : 36"
36,"Group : 36"
36,"Group : 36"
37,"Group : 37"
37,"Group : 37"
37,"Group : 37"
37,"Group : 37"
37,"Group : 37"
38,"Group : 38"
38,"Group : 38"
38,"Group : 38"
38,"Group : 38"
38,"Group : 38"
39,"Group : 39"
39,"Group : 39"
39,"Group : 39"
39,"Group : 39"
39,"Group : 39"
40,"Group : 40"
40,"Group : 40"
40,"Group : 40"
40,"Group : 40"
40,"Group : 40"
